Название,Последний  релиз,Последний  релиз,Последний  релиз пред,Последний коммит пред,Текущая версия,Описание,Приотритет,Имя папки,Ссылка на GitHub,Уст компоненты,РидМи,Комментарий,Категория,,,,,,,,,
,,,,,,,,,,,,,,,,,,,,,,
Общие,,,,,,,,,,,,,,,,,,,,,,
Enhanced Edition Trilogy (EET),06-08-2026,07-04-2025,N/A,N/A,14.1,Объединяет всю сагу Baldur's Gate в одну игру на движке BG2:EE.,1,EET,https://github.com/Gibberlings3/EET/archive/refs/tags/v14.1.zip,0,Есть,,Ядро сборки,,,,,,,,,
Enhanced Edition Fixpack,14-08-2026,N/A,N/A,N/A,source,Неофициальный сборник исправлений для Enhanced Editions.,0,eefixpack,https://github.com/Gibberlings3/EE_Fixpack/releases/download/Beta_2/eefixpack-Beta_2.exe,0 1,Есть,,Исправления,,,,,,,,,
Eex,,10-08-2026,N/A,N/A,1.2.0,,-2,eeex,https://github.com/Bubb13/EEex/releases/download/v1.2.0/eeex-v1.2.0.zip,0 1 2 3 4 5 6 7 ,Есть,,,,,,,,,,,
EET_end,,,,,,,-1000,EET_end,,0,,,,,,,,,,,,
,,,,,,,,,,,,,,,,,,,,,,
Сюжетные,,,,,,,,,,,,,,,,,,,,,,
Dark Side of the Sword Coast (DSotSC),13-12-2025,15-12-2024,N/A,N/A,4.2,Крупнейший классический мод для BG1 с новой сюжетной линией.,20,DSotSC,https://github.com/Spellhold-Studios/DSotSC/releases/download/v4.2/dark-side-of-the-sword-coast-v4.2.zip,0 1 2 3 4,Есть,,Сюжетный (Мега-мод),,,,,,,,,
Northern Tales of the Sword Coast (NTotSC),13-12-2024,21-06-2022,N/A,N/A,5.0,Фундаментальный мод для BG1 с приключениями на севере.,21,ntotsc,https://github.com/Spellhold-Studios/NTotSC/releases/download/v5.0.0/northern-tales-of-the-sword-coast-5.0.0.zip,0 1 2 3 4 5 6 7 8 9 10 11 12 14,Есть,,Сюжетный (Мега-мод),,,,,,,,,
Trials of the Luremaster for BG2EE,04-02-2026,14-01-2026,N/A,N/A,4.4,Портирует дополнение из Icewind Dale в движок BG2:EE.,22,A7-TotLM-BG2EE,https://github.com/Argent77/A7-TotLM-BG2EE/releases/download/v4.4/win-A7-TotLM-BG2EE-v4.4.zip,0 20 31,Есть,,Доп. контент,,,,,,,,,
BG Quests and Encounters (BGQE),267-06-2026,17-01-2026,N/A,N/A,3.1,Добавляет множество небольших квестов и встреч в BG1.,23,bgqe,https://github.com/Gibberlings3/BG_Quests_And_Encounters/releases/download/v31/baldurs-gate-mini-quests-and-encounters-modification-31.zip,0 1 2 3 4 5 6 7 8 9 10 11 12 13 14 15 16 17 ,Есть,,Квесты,,,,,,,,,
The Dark Horizons,26-08-2026,29-04-2026,N/A,N/A,3.06,Добавляет сюжетную линию о войне с организацией «Надзор».,24,DarkHorizons,https://github.com/The-Gate-Project/DarkHorizons/releases/download/v3.06/win-Dark.Horizons-v3.06.zip,0 10,Есть,,Сюжетный,,,,,,,,,
The Calling,21-07-2026,21-06-2026,N/A,N/A,6,"Квест, отвечающий на сюжетные вопросы по BG1.",25,thecalling,https://github.com/Gibberlings3/The_Calling/releases/download/v6/thecalling-v6.exe,0 10 20 40 60 70 80 90 100,Есть,,Квесты,,,,,,,,,
Call of the Lost Goddess,26-07-2026,01-07-2026,N/A,N/A,3,Большой квестовый мод с новой нелинейной историей.,29,Godcall,https://github.com/AciferBG/Call-of-the-Lost-Goddess/releases/download/v3.0/Call_of_the_lost_goddess_V_3.0.zip,0 50 200,Есть,,Квесты,,,,,,,,,
Loretakers,2026-07-22,2026-02-26,N/A,N/A,2.6,Сюжетный квест для BG1EE и EET.,27,Loretakers,https://github.com/AciferBG/Loretakers/releases/download/v2.6/Loretakers_V2.6.zip,0,Есть,,Квесты,,,,,,,,,
Throne of the Mad God,06-07-2026,01-07-2026,N/A,N/A,2.3,Новый крупный квест на 7 часов с 16 новыми локациями.,28,ThroneoftheMadGod,https://github.com/AciferBG/Throne-of-the-Mad-God/releases/download/v2.3/Throne_of_the_Mad_God_v2.3.zip,0,Есть,,Квесты,,,,,,,,,
Poisoned Pathways,2026-06-20,N/A,N/A,N/A,1.5,"Новый квестовый мод для BG2EE/EET. Продолжает историю Ренфельда, добавляет новые локации (эльфийские руины, лесную деревню) и врагов. Около 5 часов геймплея .",30,Poisoned_pathways,https://github.com/AciferBG/Poisoned-Pathways/releases/download/v1.5/Poisoned_Pathways_V_1.5.zip,0,Есть,Для EET. Возможны конфликты с модами на карту мира .,Квесты,,,,,,,,,
Shadows over Soubar,N/A,N/A,N/A,N/A,2.1.3,Сюжетный квест EET.,31,SoS,https://github.com/SpellholdStudios/Shadows_over_Soubar/releases/download/v2.1.3/shadows-over-soubar-2.1.3.zip,0 1,Есть,,Квесты,,,,,,,,,
Check The Bodies,N/A,N/A,N/A,N/A,3,Сюжетный квест EET.,32,CtB,https://github.com/SpellholdStudios/Check_the_Bodies/releases/download/v3.0/check-the-bodies-3.0.zip,0 1 2 3,Есть,,Квесты,,,,,,,,,
FishingForTrouble,N/A,N/A,N/A,N/A,3.2.11,Сюжетный квест EET.,33,FishingForTrouble,https://github.com/Spellhold-Studios/FishingForTrouble/releases/download/v3.2.11/fishing-for-trouble-v3.2.11.zip,0 1,Есть,,Квесты,,,,,,,,,
Iylos NPC,N/A,2026-06-18,N/A,N/A,,Добавляет монаха Илоса Мирдана в ToB.,39,iylos,https://github.com/Spellhold-Studios/Iylos-NPC/releases/download/2.7.2/iylos-npc-2.7.2.zip,0 1 6,Есть,,NPC,,,,,,,,,
Ascension,20-05-2026,20-05-2025,N/A,N/A,,Полностью перерабатывает финал Throne of Bhaal.,40,ascension,https://github.com/Gibberlings3/Ascension/releases/download/2.1.0/ascension-2.1.0.zip,0 10 20 30 40 50 60 1000 1100 1200 1300 1400 1500 2000 2100 2200 2300 2400,Есть,Improved Slayer Transformation - 50,Сюжетный,,,,,,,,,
Region of Terror (RoT),12-08-2026,15-12-2024,N/A,N/A,5,"Крупный сюжетный мод, добавляющий новые территории.",241,RoT,https://github.com/Spellhold-Studios/Region-of-Terror/releases/download/v5.0/region-of-terror-v5.0.zip,0 1,Есть,,Сюжетный,,,,,,,,,
The Longer Road,,,,,2.0.7,Добавляет Иренкуса и квесты,41,LongerRoad,https://github.com/Spellhold-Studios/LongerRoad/releases/download/2.0.7/the-longer-road-2.0.7.zip,0 1,Есть, ,Квесты,,,,,,,,,
Love Conquers All (LCA),2023-09-30,2026-08-11,N/A,N/A,1.7.1,Сюжетный квест EET.,256,LCA,https://github.com/LCA-EET/LCA/releases/download/v1.7.1/LoveConquersAll_win.zip,0,Есть,,Сюжетный / NPC,,,,,,,,,
LCA_Explicit,,,,,,Добавляет секс контент в пред мод,257,LCA_Explicit,https://github.com/LCA-EET/LCA_Explicit/releases/download/v1.8/LCA_Explicit_win.zip,0,Есть,,Сюжетный / NPC,,ошибка при установке,,,,,,,
The Wheels of Prophecy,07-05-2022,13-01-2021,N/A,N/A,8.5,"Расширяет сюжет Throne of Bhaal, добавляя новые диалоги и выборы.",44,wheels,https://github.com/Gibberlings3/WheelsOfProphecy/releases/download/v8.5/wheels-v8.5.exe,0,Есть,,Сюжетный,,не устанавливаю,,,,,,,
Sandrah Saga,28-11-2024,28-11-2024,N/A,N/A,2.07,"Огромный мод, затрагивающий все игры трилогии.",,SandrahNPC,https://github.com/RoxanneSHS/SandrahEET/archive/refs/tags/v2.07.zip,0,Есть,,Сюжетный (Мега-мод),,должны быть установлены на момент запуска скрипта,,,,,,,
,,,,,,,,,,,,,,,нужно править компоненты,,,,,,,
NPC,,,,,,,,,,,,,,,нужно запускать вручную,,,,,,,
Kelsey NPC,N/A,N/A,N/A,N/A,,Добавляет чародея Келси,100,kelsey,https://github.com/Pocket-Plane-Group/Kelsey/releases/download/v6/KelseyV6.zip,0,Есть,,NPC,,,,,,,,,
Tashia-NPC,N/A,N/A,N/A,N/A,,Добавляет NPC Ташию,101,tashia,https://github.com/Spellhold-Studios/Tashia-NPC/releases/download/v1.5/tashia-v1.5.zip,0 2,Есть,,NPC,,,,,,,,,
Arnel's Nalia Romance Revision,2007-04-24,2021-10-26,N/A,N/A,,Альтернативная романтическая линия с Налией.,105,luvnalia,https://github.com/SpellholdStudios/Arnel-Nalia-Romance-Revision/releases/download/v2.0.0/luvnalia-2.0.0.zip,0,Есть,,NPC,,,,,,,,,
Haldamir NPC,2008-03-31,2019-02-22,N/A,N/A,,Добавляет эльфийского воина Халдамира в BG2.,106,haldamir,https://github.com/Gibberlings3/Haldamir/releases/download/v4/haldamir-v4.exe,0,Есть,,NPC,,,,,,,,,
Tiax for BGII,N/A,2020-01-12,N/A,N/A,,Возвращает безумного гнома Тиакса из BG1 в BG2.,107,Tiax,https://github.com/Pocket-Plane-Group/Tiax_for_BGII/releases/download/v6/Tiax_v6.zip,0,Есть,,NPC,,,,,,,,,
Kivan NPC,N/A,N/A,N/A,N/A,,Возвращает следопыта Кивана в BG2 с полной сюжетной аркой.,108,kivan,https://github.com/Gibberlings3/Kivan_and_Deheriana/releases/download/v19/kivan-v19.exe,100 201,Есть,,NPC,,,,,,,,,
Alora NPC,2021-01-23,N/A,N/A,N/A,,Возвращает воровку Алору в BG2.,110,alora,https://github.com/GwendolyneFreddy/Alora-NPC-for-BG2/releases/download/v2.0/alora-npc-for-bg2-2.0.zip,0,Есть,,NPC,,,,,,,,,
Glam's NPC Pack,2018-12-22,2025-04-28,N/A,N/A,,Добавляет 5 новых спутников.,113,glamnpcpack,https://github.com/Gibberlings3/Glam-NPC-Pack/releases/download/v7/glamnpcpack-v7.exe,0,Есть,,NPC,,,,,,,,,
Adrian NPC,2012-08-19,2022-10-13,N/A,N/A,,Добавляет мага Эдриана в BG2.,114,adrian,https://github.com/Spellhold-Studios/Adrian-NPC/releases/download/v6.1/adrian-npc-for-bgii-v6.1.zip,0 10 20 31,Есть,,NPC,,,,,,,,,
Auren Aseph NPC,2006-04-20,2020-09-09,N/A,N/A,,Добавляет женщину-воина Аурен Асеф.,115,aurenaseph,https://github.com/Gibberlings3/AurenAseph/releases/download/v13/aurenaseph-v13.exe,0,Есть,,NPC,,,,,,,,,
Chloe NPC,2005-02-23,2025-09-19,N/A,N/A,,Добавляет NPC Хлою в BG2.,116,chloe,https://github.com/Spellhold-Studios/Chloe-NPC/archive/refs/tags/v1.5.zip,0,Есть,нет exe,NPC,,,,,,,,,
Fade NPC,N/A,2020-08-03,N/A,N/A,,Добавляет NPC Фейд в BG2.,117,fade,https://github.com/Spellhold-Studios/Fade-NPC/releases/download/v5.6/Fade-v5.6.zip,0 1 2,Есть,,NPC,,,,,,,,,
Sarah NPC,N/A,N/A,N/A,N/A,,Добавляет следопыта Сару с романом для женских персонажей.,118,sarahtob,https://github.com/Gibberlings3/Sarah/releases/download/v8/sarahtob-v8.exe,0,Есть,,NPC,,,,,,,,,
Tyris Flare NPC,N/A,2023-08-31,N/A,N/A,,Воин/маг из Умар Хиллз.,119,tyrisflare,https://github.com/Gibberlings3/TyrisFlare/releases/download/v12/tyrisflare-v12.exe,0,Есть,,NPC,,,,,,,,,
Mur'Neth NPC,2004-09-28,2023-11-01,N/A,N/A,,Слизеподобный спутник (Ghaunadan).,121,mur'neth,https://github.com/Gibberlings3/Murneth/releases/download/v14/mur.neth-v14.exe,0,Есть,,NPC,,,,,,,,,
Finch NPC,2005-03-06,2021-07-31,N/A,N/A,,NPC-клирик-гном в Candlekeep.,122,FinchNPC,https://github.com/Pocket-Plane-Group/Finch_NPC/releases/download/v6.0/finch-npc-mod-v6.0.zip,0,Есть,,NPC,,,,,,,,,
Arath NPC,2012-02-14,N/A,N/A,N/A,,Добавляет друида Арата с романтической линией для обоих полов.,123,arath,https://github.com/Spellhold-Studios/Arath-NPC/releases/download/v6/arath-v6.zip,0,Есть,,NPC,,,,,,,,,
Gavin NPC,N/A,N/A,N/A,N/A,,Добавляет жреца Латандера Гэвина с романтической линией.,124,gavin_bg2,https://github.com/Gibberlings3/Gavin_BG2/releases/download/v24/gavin_bg2-v24.exe,11 1 3,Есть,,NPC,,,,,,,,,
Cernd Romance,2026-01-10,2026-01-10,N/A,N/A,,Добавляет романтическую линию с друидом Серндом.,125,cernd,https://github.com/Spellhold-Studios/Cernd-Friendship/releases/download/v1.4/cernd-friendship-v1.4.zip,0,Есть,,NPC,,,,,,,,,
Ninde NPC,,,,,,,126,ninde,https://github.com/Spellhold-Studios/Ninde-NPC/releases/download/v3.0/ninde-npc-for-bgii-v3.0.zip,0,Есть,,NPC,,,,,,,,,
Yeslick-NPC,,,,,,,127,yeslicknpc,https://github.com/Spellhold-Studios/Yeslick-NPC/releases/download/v5.0/yeslick-npc-v5.0.zip,1,Есть,,NPC,,,,,,,,,
Grey_The_Dog,,,,,,,129,c#greythedog,https://github.com/Gibberlings3/Grey_The_Dog/releases/download/v10/grey-the-dog-npc-10.zip,0 10,Есть,нет exe,NPC,,,,,,,,,
Valen NPC,2002-05-15,N/A,N/A,N/A,,Позволяет вампирше Вален стать полноценным спутником.,150,valen,https://github.com/hellmouse/valen/archive/refs/tags/v0.0.1.zip,0 11,Есть,,NPC,,,,,,,,,
BG1NPC,N/A,N/A,N/A,N/A,,,186,bg1npc,https://github.com/Gibberlings3/BG1NPC/releases/download/v32/the-bg1npc-project-v32.zip,0 10 22 32 42 52 62 72 80 90 110 130 240 150 155 160 200,Есть,,NPC - global,,,,,,,,,
Ajantis NPC,N/A,N/A,N/A,N/A,,Возвращает паладина Ажантиса в BG2.,187,ajantisbg1,https://github.com/Gibberlings3/Ajantis_BG1_Expansion/releases/download/v22/ajantis-bg1-expansion-modification-22.zip,0 30,Есть,,NPC,,,,,,,,,
Brage's Redemption,2019-06-25,15-01-2026,N/A,N/A,10.1,"Расширяет квест ""Меч Брага"" из BGQE.",188,c#brage,https://github.com/Gitjas/Brages_Redemption/releases/download/v10.1/brages-redemption-brage-npc-10.1.zip,0 1 5 10,Есть,10 после др NPC модов,Квесты,,,,,,,,,
BG1_Romantic_Encounters,,,,,,,190,bg1re,https://github.com/Gibberlings3/BG1_Romantic_Encounters/releases/download/v16/baldurs-gate-romantic-encounters-modification-bg1re-16.zip,103 1 2 3 4 5 6 7 8 9 10 11 12 13 14 15 16 17 18 19 20 21 22 23 24 25 26 27 28 29 30 31 32 33 34 35 36 37 38 39 40 41 42 43 44,Есть,,NPC - global,,,,,,,,,
Romantic_Encounters_BG2,,,,,,,191,RE,https://github.com/Gibberlings3/Romantic_Encounters_BG2/releases/download/v15/RE_v15.zip,0 1 2 3 4 5 6 7 8 9 10 11 12 13 14 15 16 17 18 19 20 21 22 23 24 25 26 27 28 29 30 31 32 33 34 35 36 37 38 39 40 41 42 43 44 45 46 47 48 49 50 51 52 53 54,Есть,,NPC - global,,,,,,,,,
IEP-Extended-Banters,N/A,N/A,N/A,N/A,,Добавляет новые диалоги между спутниками,192,iepbanters,https://github.com/Spellhold-Studios/IEP-Extended-Banters/releases/download/v5.9/iep-extended-banters-v5.9.zip,0 1 2 3 4 5 9,Есть,,NPC - global,,,,,,,,,
NPC_Flirt_Packs,N/A,N/A,N/A,N/A,,Добавляет флирт для романтических линий,193,npcflirt,https://github.com/Pocket-Plane-Group/NPC_Flirt_Packs/releases/download/v1.07/NPCFlirtV107.zip,0 1 2 3 4 5 6 7 8 9 10 11 12 13 14 15,Есть,,NPC - global,,,,,,,,,
Crossmod Banter Pack,N/A,N/A,N/A,N/A,,Добавляет бантеры между NPC из разных модов.,194,crossmodbg2,https://github.com/Gibberlings3/Crossmod_Banter_Pack_for_Baldurs_Gate_II/releases/download/v30/crossmodbg2-v30.exe,0 1 2 ,Есть,,NPC - global,,,,,,,,, 
Road To Discovery,,,,, ,"Добавляет конетнет в СОД, общение с крестоносцами и систему Тракинга???",195,sodrtd,https://github.com/Gibberlings3/Road_To_Discovery_for_SoD/releases/download/v6/road-to-discovery-for-sod-6.0.zip,0 10 20 30 40 50 60 70 ,Есть,,Доп. контент,,,,,,,,,
NPC_EE,N/A,2024-11-26,N/A,N/A,,"Позволяет менять классы, киты и характеристики всех NPC.",350,npc_ee,https://github.com/UnearthedArcana/NPC_EE/archive/refs/tags/6.6.zip,2000,Есть,"либо это либо из SCS
дает книгу меняющую класс/кит/навыки",NPC - global,,,,,,,,,
,,,,,,,,,,,,,,,,,,,,,,
Доп контент,,,,,,,,,,,,,,,,,,,,,,
Endless BG1,27-01-2026,27-01-2026,N/A,N/A,20.2,Позволяет остаться в мире BG1 после убийства Саревока.,9,c#endlessbg1,https://github.com/Gibberlings3/EndlessBG1/releases/download/v20.2/endless-bg1-mod-20.2.zip,0 1 2 3 4 5 6 7 8 9 10 11 12 13 14 15 16,Есть, ,Доп. контент,,,,,,,,,
Unfinished Business BG1,,,,,,,,,,,,,Доп. контент,,,,,,,,,
Unfinished Business BG2,20-05-2026,03-01-2021,N/A,N/A,28,Восстанавливает вырезанный контент,8,ub,https://github.com/Pocket-Plane-Group/UnfinishedBusiness/releases/download/v28/ub-v28.zip,0 1 2 3 4 5 6 7 8 9 10 12 13 14 15 17 18 19 20 21 22 23 24 25 ,Есть,,Доп. контент,,,,,,,,,
,,,,,,,,,,,,,,,,,,,,,,
Твики,,,,,,,,,,,,,,,,,,,,,,
Project_Javelin,,,,,,добавляет оружие - легкое копье,200,cd_project_javelin,https://github.com/Gibberlings3/Project_Javelin/releases/download/Beta1/cd_project_javelin-Beta_1.exe,1,Есть,,Item tweaks,,,,,,,,,
Item Revisions,2016,2019,N/A,N/A,,Перерабатывает предметы,201,item_rev,https://github.com/Gibberlings3/ItemRevisions/releases/download/v4b10/item_rev-v4b10.exe,0 1030 1040 1101 10 17 18 1200 12 16 1060 1070,https://htmlpreview.github.io/?https://github.com/Gibberlings3/Documentation/blob/master/readmes/readme-item_rev.html, ,Item tweaks,,,,,,,,,
Spell Revisions,N/A,N/A,N/A,N/A,,Полностью перерабатывает книгу заклинаний магов и жрецов.,202,spell_rev,https://github.com/Gibberlings3/SpellRevisions/releases/download/v4.21/spell_rev-v4-21.zip,0 10 20 30 60 ,https://gibberlings3.github.io/SpellRevisions/, ,spell tweaks, ,,,,,,,,
Item Upgrade Mod,N/A,N/A,N/A,N/A,,Позволяет Кромвелю и Сеспенару улучшать больше предметов.,203,itemupgrade,https://github.com/Pocket-Plane-Group/Item_Upgrade/releases/download/v57/itemupgrade-v57.exe,0 1 12,Есть,,Item tweaks,,,,,,,,,
SubtleD's Spell Tweaks,N/A,,N/A,,,"Меняет конкретные заклинания, добавляет заговоры и другов", ,SubtleD_Spell_Tweaks,https://github.com/subtledoctor/SubtleD_Spell_Tweaks/archive/refs/tags/2.9.2.zip,22 36 40 45 50 55 81 82 83 1152 1151 1202 1205 1207 1212 1251 1323 1351 1404 1409 1413 1451 1505 1603 1609 1613 1614 1707 1710 2105 2104 2108 2116 2201 2212 2213 2224 2251 2316 2324 2352 2413 2418 2451 2508 2514 2518 25232 2708  2711 2714 2808 2811 2916 2915 2923 ,https://github.com/subtledoctor/SubtleD_Spell_Tweaks, ,spell tweaks,,,,,,,,,
The Tweaks Anthology,N/A,N/A,N/A,N/A,,Огромный сборник финальных настроек и косметических изменений.,298,cdtweaks,https://github.com/Gibberlings3/Tweaks-Anthology/releases/download/v18/cdtweaks-v18.exe,60 110 140 170 180 190 2010 220 241 250 260 1010 1020 1030 1036 1040 1050 1062 1075 1080 1100 1110 1142 1150 1180 1210 1220 1230 1257 1270 1370 2090 2720 2140 2170 2192 2200 2210 2250 2260 2731 2581 2300 2339 2340 2371 2358 2551 2410 2510 2520 2530 2620 2630 2660 2670 2680 2693 2700 2710 2740 2999 3001 3008 3060 3082 3092 3102 3112 3121 3125 3160 3200 3230 3260 3280 3300 3310 3412 3420 3430 3450 3460 3470 3480 4000 4010 4031 4041 4061 4071 4090 4110 4120 4150 4170 4200 4230 6020 6030 6040 6070 6080 6090 6100 6110 6120 6130 6140 6150 6160 6170 6180 6190 6200 6210 6220 6240 6250 6260 6290 6310 6320 6330 6340 6350,Есть,"все не нужны, их > 150",tweaks,,,,,,,,,
EEUITweaks,N/A,2024-09-15,N/A,N/A,,Сбоник твиков, ,EEUITweaks,https://github.com/r-e-d/EEUITweaks/releases/download/v4.0.7/eeuitweaks-4.0.7.zip, ,Есть,не  знпю что да как,tweaks,,,,,,,,,
Jastey's SoD Tweakpack,N/A,N/A,N/A,N/A,,Набор улучшений для Siege of Dragonspear.,,c#sodtweaks,https://github.com/Gibberlings3/Jasteys_SoD_Tweakpack/releases/download/v13/jasteys-tweaks-for-sod-and-eet-and-bgt-v13.zip, ,https://github.com/subtledoctor/SubtleD_Spell_Tweaks, ,tweaks,,,,,,,,,
ZSTweaks,N/A,2026-04-10,N/A,N/A,,"Набор твиков, исправляющих классы, заклинания и предметы.", ,ZSTweaks,https://github.com/szaumoor/ZSTweaks/releases/download/1.7.0a/win-ZSTweaks-1.7.0a.zip, ,Есть,,tweaks,,,,,,,,,
SubtleD's Item Tweaks,10.2025,09.2025,N/A,N/A,,Твики предметов,,SubtleD_Item_Tweaks,https://github.com/subtledoctor/SubtleD_Item_Tweaks/archive/refs/tags/1.5.zip, ,https://github.com/subtledoctor/SubtleD_Item_Tweaks,По большей части конфликтует с SR. Но есть компоненты,Item tweaks,,,,,,,,,
Talents of Faerûn (ToF),N/A,N/A,N/A,N/A,,"Большой сборник твиков, расширяющий способности персонажа.", ,dw_talents,https://github.com/Gibberlings3/TalentsOfFaerun/releases/download/ToF-beta-15/dw_talents-beta-15.exe, ,Есть,,,,,,,,,,,
,,,,,,,,,,,,,,,,,,,,,,
ИИ,,,,,,,,,,,,,,,,,,,,,,
SCS,11.2024,11.2024,N/A,N/A,,Усложняет ИИ врагов и тактику,299,stratagems,https://github.com/Gibberlings3/SwordCoastStratagems/releases/download/v35.21/stratagems-35.21.exe,2900 3010 3015 3020 3022 3041 3505 3541 4000 4020 4051 4130 4140 4145 4150 4162 4171 4210 4215 4217 5000 5070 5080 5900 6000 6010 6030 6040 6100 6200 6300 6310 6320 6500 6510 6520 6540 6550 6560 6570 6580 6590 6800 6810 6820 6830 6840 6850 7000 7010 7020 7030 7040 7050 7060 7070 7080 7090 7100 7110 7130 7140 7150 7200 7210 7220 7230 7250 7900 8000 8010 8020 8040 8050 8060 8070 8080 8085 8090 8100 8110 8120 8130 8140 8150 8160 8170 8180 8190  ,https://gibberlings3.github.io/Documentation/readmes/readme-stratagems.html,"Improved shapeshifting
BEGIN Treat mages' and priests' High-Level Abilities as innate abilities rather than memorisable spells (each may be taken only once) (DESIGNATED 4240)
BEGIN Make spell sequencers and contingencies into innate abilities (DESIGNATED 4250)",Тактика / ИИ,,,,,,,,,
,,,,,,,,,,,,,,,,,,,,,,
Классы,,,,,,,,,,,,,,,,,,,,,,
Geomantic_Sorcerer,,,,,,,260,druidsor,https://github.com/Gibberlings3/Geomantic_Sorcerer/releases/download/v9/druidsor-v9.exe,0,Есть,,Классы,,,,,,,,,
Lichdom,2026-09-01,2026-09-01,N/A,N/A,,добавляет возможность стать личем,255,Lichdom,https://github.com/LCA-EET/Lichdom/releases/download/v1.5.1a/Lichdom_win.zip,0,Есть,нужно для автоустановки ред функцию в functions.tpl (xa_determine_quantity),Классы,,,,,,,,,
Faiths and Powers,N/A,N/A,N/A,N/A,,Перерабатывает божественных заклинателей через систему сфер.,280,faiths_and_powers,https://github.com/UnearthedArcana/Faiths_and_Powers/archive/refs/tags/0.92.zip,13 21 31 33 36 75,Есть,"СВЯЩЕННИКИ, ДРУИДЫ ПАЛЛДАИНЫ
есть мульиклассовая версия - ставить после
",Классы,,,,,,,,,
Faiths and Powers,N/A,N/A,N/A,N/A,,Перерабатывает божественных заклинателей через систему сфер.,283,faiths_and_powers,https://github.com/UnearthedArcana/Faiths_and_Powers/archive/refs/tags/0.92.zip,80,Есть,компонент применить систему сфер,Классы,,,,,,,,,
Might & Guile,N/A,N/A,N/A,N/A,,"Перерабатывает воинов, плутов и следопытов.",270,might_and_guile,https://github.com/UnearthedArcana/Might_and_Guile/archive/refs/tags/5.9.zip,60 65 80 85 105 110 120 125 130 151 155 201 210 280 400 405 430 440,Есть,"РЕЙНДЖЕРЫ, барды",Классы,,,,,,,,,
Artisans-Shaman-Tweaks,,,,,,,262,ArtisansShamanTweaks,https://github.com/TheArtisanBG/Artisans-Shaman-Tweaks/tree/main,0,Есть,ШАМАН,Классы,,,,,,,,,
Artisan's Kitpack,N/A,2022-05-13,N/A,N/A,,Добавляет множество новых китов для всех классов.,261,ArtisansKitpack,https://github.com/TheArtisanBG/The-Artisan-s-Kitpack/,20000 20001 8001 8101 8003 8004 10001 10002 10004 1100 1003 1006 1004 1005 1007 1002 1000 1001 1008 1009 1010 2000 2010 2011 2012 2002 2003 3000 3010 3003 3011 3004 3001 3002 3005 5300 5100 5200 5001 5002 7000 7004 7007 7006 7008 7001 7002 7003 7005 9001 30001,Есть,"БОЙЦЫ, ВОРЫ, БАРДЫ, МОНАХИ",Классы,,,,,,,,,
NoEENPCs,N/A,N/A,N/A,N/A,,Полностью переопределяет классы и киты для NPC из Enhanced Edition., ,A7-ConvenientEENPCs,https://github.com/Argent77/A7-NoEENPCs/releases/download/v5.3/win-A7-ConvenientEENPCs-v5.3.zip, ,Есть,меняет классы/другое у NPC, ,,,,,,,,,
The Workshop Kitpack,N/A,N/A,N/A,N/A,,"Набор классов и предметов, вдохновлённый вселенной Soulsborne. Добавляет 17 новых китов и более 30 предметов .", ,d2-workshopkits,https://github.com/D2-mods/The-Workshop-Kitpack/releases/download/v5.29/the-workshop-kitpack-v5.29-windows-x64.zip, ,Есть,Совместим с EET.,,,,,,,,,,
,,,,,,,,,,,,,,,,,,,,,,
Умения,,,,,,,,,,,,,,,,,,,,,,
Combat Skills & Proficiencies,09.2025,09.2025,N/A,N/A, ,"Добавляет умения из IWD2, перерабатывает систему мастерства",315,Combat_Skill_Proficiencies,https://github.com/subtledoctor/Combat_Skill_Proficiencies/archive/refs/tags/1.5.4.zip,70,https://github.com/subtledoctor/Combat_Skill_Proficiencies,"""дублирует IR и TWA , если исключит из IR комапонет 11, то 70 можно установиить
еще есть 30 который вносит умения как в IWD""

 WPO: APR on Spec - dont install
Fighting Styles Overhaul - read before install
берем только - Fighting Styles Overhaul
",Умения, ,,,,,,,,
SubtleD's Stat Overhauls,02.2025,02.2025,N/A,N/A, ,"Перерабатывает систему характеристик (DEX, CON и т.д.)",320,SubtleD_Stat_Overhauls,https://github.com/subtledoctor/SubtleD_Stat_Overhauls/archive/refs/tags/1.8.1.zip,100 110 180,https://github.com/subtledoctor/SubtleD_Stat_Overhauls,"отключам DEX в ini файле

сомрим с остальными твикаим

SBO: Full Strength from 2-Hand Weapons Only - dont install
Plinkification - dont install
Magic Resistance Overhaul: Replace MR With Other Effects - dont install
No Murder XP - dont install
Hit Dice Overhaul (HDO): Revised Hit Point Progression - уст
Saving Throw Overhaul (STO) -уст
Experience Point Overhaul: Revised Tables  - ???",Умения,,,,,,,,,
,,,,,,,,,,,,,,,,,,,,,,
,,,,,,,,,,,,,,,,,,,,,,
IWD,,,,,,,,,,,,,,,,,,,,,,
iwd1-in-eet,13-07-2026,N/A,N/A,N/A,source,,11,iwd1_eet,https://github.com/The-Gate-Project/IWD1_EET,0 1,https://arcanecoast.ru/forum/viewtopic.php?f=31&t=1247&start=1180, ,Доп. контент,,,,,,,,,
iwd2-in-eet,09-05-2026,N/A,N/A,N/A,source,,12,iwd2_eet,https://github.com/The-Gate-Project/IWD2_EET,0,Есть,,Доп. контент,,,,,,,,,
Icewind Dale in EET Party Banter,02-08-2025,N/A,N/A,N/A,source,,231,iwd_eet-party-banter,https://github.com/The-Gate-Project/iwd_eet-party-banter,0,Есть,,Доп. контент,,,,,,,,,
IWD_EET_End,15-08-2025,N/A,N/A,N/A,source,,232,iwd_eet_end,https://github.com/The-Gate-Project/IWD_EET_End,0,Есть,,Доп. контент,,,,,,,,,
IWD EET Integration,13-07-2026,N/A,N/A,N/A,source,,233,IWD_EET_integration,https://github.com/subtledoctor/IWD_EET_Integration,100 110 115 130 135 150 160,https://gibberlings3.github.io/Documentation/readmes/readme-cdtweaks.html, ,Доп. контент,,,,,,,,,
IWDification,29-07-2026,2025-07-12,N/A,N/A,11,"Добавляет заклинания, классы и предметы из IWD в BG2.",250,iwdification,https://github.com/Gibberlings3/iwdification/releases/download/v11/iwdification-v11.exe,130 140 190  71 160 170 120 30 40 80,https://gibberlings3.github.io/Documentation/readmes/readme-iwdification.html,"добавляет таблмцы заклинаний для рейнжеров и падаинов (с 6 а не 9)
можно оставить компонент друидов до фнп а все остальное после",Item/spell tweaks,,,,,,,,,
,,,,,,,,,,,,,,,,,,,,,,
Разное,,,,,,,,,,,,,,,,,,,,,,
Bubbs-Spell-Menu-Extended,10.05.2026,10.05.2026,N/A,N/A,,"Меню заклинаний по уровням на экране, с поиском. Требует EEex",6,bubb_spell_menu_extended,https://github.com/Bubb13/Bubbs-Spell-Menu-Extended/archive/refs/tags/v5.2.zip,0,https://github.com/Bubb13/Bubbs-Spell-Menu-Extended, ,Меню,,,,,,,,,
LeUI,18-01-2025,18-01-2025,N/A,N/A,4.9.1,,7,LeUI,https://github.com/r-e-d/LeUI/releases/download/v4.9.1/lefreuts-enhanced-ui-bg2ee-skin-4.9.1.zip,0 1 2,Есть,,Интерфейс,,,,,,,,,
Subrace-mod,N/A,N/A,N/A,N/A,,"Позволяет выбрать суб-расы для главного героя (дроу, тифлинги, аасимары).",310,subrace,https://github.com/tipun81/Subrace-mod/archive/refs/tags/v0.3.1.zip,100,Есть,Есть несколько версий от разных авторов.,Подрасы,,,,,,,,,
Graphical Overhaul (BGGO),N/A,2024-06-30,N/A,N/A,,Масштабный визуальный ремастер для областей BG1 и BG2.,450,bggo,https://github.com/Spellhold-Studios/Baldurs-Gate-Graphical-Overhaul/releases/download/v3.6/baldurs-gate-graphical-overhaul-v3.6.zip,1 0,Есть,,Графика,,,,,,,,,
BP-BGT Worldmap,2006,2026-07-22,N/A,N/A,,"Огромная карта мира, объединяющая все локации BGT и EET.",500,bp-bgt-worldmap,https://github.com/SpellholdStudios/BP-BGT-Worldmap/releases/download/v13.1.1/worldmap-v13.1.1.zip,0 1 4,Есть,,Карта мира,,,,,,,,,
Spellhold-Studios  /  BGT-Tweak-Pack,N/A,N/A,N/A,N/A,,есть орция переносить персонажей во 2 часть с опытом, ,bgttweak,https://github.com/Spellhold-Studios/BGT-Tweak-Pack?ysclid=mndoyawjee823139661, ,Есть, , ,,,,,,,,,